<?xml version="1.0" encoding="UTF-8"?>
<root>
  <item name="com.sorgs.baseproject.utils.SpanUtils com.sorgs.baseproject.utils.SpanUtils appendImage(android.graphics.Bitmap, int) 1">
    <annotation name="androidx.annotation.IntDef">
      <val name="value" val="{com.sorgs.baseproject.utils.SpanUtils.ALIGN_BOTTOM, com.sorgs.baseproject.utils.SpanUtils.ALIGN_BASELINE, com.sorgs.baseproject.utils.SpanUtils.ALIGN_CENTER, com.sorgs.baseproject.utils.SpanUtils.ALIGN_TOP}" />
    </annotation>
  </item>
  <item name="com.sorgs.baseproject.utils.SpanUtils com.sorgs.baseproject.utils.SpanUtils appendImage(android.graphics.drawable.Drawable, int) 1">
    <annotation name="androidx.annotation.IntDef">
      <val name="value" val="{com.sorgs.baseproject.utils.SpanUtils.ALIGN_BOTTOM, com.sorgs.baseproject.utils.SpanUtils.ALIGN_BASELINE, com.sorgs.baseproject.utils.SpanUtils.ALIGN_CENTER, com.sorgs.baseproject.utils.SpanUtils.ALIGN_TOP}" />
    </annotation>
  </item>
  <item name="com.sorgs.baseproject.utils.SpanUtils com.sorgs.baseproject.utils.SpanUtils appendImage(android.net.Uri, int) 1">
    <annotation name="androidx.annotation.IntDef">
      <val name="value" val="{com.sorgs.baseproject.utils.SpanUtils.ALIGN_BOTTOM, com.sorgs.baseproject.utils.SpanUtils.ALIGN_BASELINE, com.sorgs.baseproject.utils.SpanUtils.ALIGN_CENTER, com.sorgs.baseproject.utils.SpanUtils.ALIGN_TOP}" />
    </annotation>
  </item>
  <item name="com.sorgs.baseproject.utils.SpanUtils com.sorgs.baseproject.utils.SpanUtils appendImage(int, int) 1">
    <annotation name="androidx.annotation.IntDef">
      <val name="value" val="{com.sorgs.baseproject.utils.SpanUtils.ALIGN_BOTTOM, com.sorgs.baseproject.utils.SpanUtils.ALIGN_BASELINE, com.sorgs.baseproject.utils.SpanUtils.ALIGN_CENTER, com.sorgs.baseproject.utils.SpanUtils.ALIGN_TOP}" />
    </annotation>
  </item>
  <item name="com.sorgs.baseproject.utils.SpanUtils com.sorgs.baseproject.utils.SpanUtils setLineHeight(int, int) 1">
    <annotation name="androidx.annotation.IntDef">
      <val name="value" val="{com.sorgs.baseproject.utils.SpanUtils.ALIGN_BOTTOM, com.sorgs.baseproject.utils.SpanUtils.ALIGN_BASELINE, com.sorgs.baseproject.utils.SpanUtils.ALIGN_CENTER, com.sorgs.baseproject.utils.SpanUtils.ALIGN_TOP}" />
    </annotation>
  </item>
  <item name="com.sorgs.baseproject.utils.SpanUtils.Align">
    <annotation name="androidx.annotation.IntDef">
      <val name="value" val="{com.sorgs.baseproject.utils.SpanUtils.ALIGN_BOTTOM, com.sorgs.baseproject.utils.SpanUtils.ALIGN_BASELINE, com.sorgs.baseproject.utils.SpanUtils.ALIGN_CENTER, com.sorgs.baseproject.utils.SpanUtils.ALIGN_TOP}" />
    </annotation>
  </item>
</root>

